# Nashville International Airport (BNA), TN -- daily weather, Jan 1 to Dec 31, 2025 (365 days)
# Source: NOAA National Centers for Environmental Information (NCEI), Global Historical Climatology Network - Daily (GHCN-Daily),
#         station USW00013897, accessed 2026-10-06 via the NCEI Access Data Service (dataset=daily-summaries, units=standard).
# Columns: month, day, tmax (daily high, F), tmin (daily low, F), prcp (precipitation, in), snow (snowfall, in)
# One row per day, in order: row 0 is January 1.
1,1,44,28,0.00,0.0
1,2,49,25,0.00,0.0
1,3,44,30,0.00,0.0
1,4,43,29,0.00,0.0
1,5,56,34,1.19,0.0
1,6,56,27,0.00,0.0
1,7,32,27,0.00,0.0
1,8,34,20,0.00,0.0
1,9,36,17,0.00,0.0
1,10,33,29,0.40,3.9
1,11,35,24,0.00,0.0
1,12,46,20,0.00,0.0
1,13,44,25,0.00,0.0
1,14,50,18,0.00,0.0
1,15,43,21,0.00,0.0
1,16,55,27,0.00,0.0
1,17,62,27,0.10,0.0
1,18,51,35,0.23,0.0
1,19,35,13,0.01,0.0
1,20,23,8,0.00,0.0
1,21,27,10,0.00,0.0
1,22,33,8,0.00,0.0
1,23,46,21,0.00,0.0
1,24,39,23,0.00,0.0
1,25,53,21,0.00,0.0
1,26,50,34,0.01,0.0
1,27,50,33,0.01,0.0
1,28,60,29,0.00,0.0
1,29,66,41,0.00,0.0
1,30,61,40,0.79,0.0
1,31,65,50,0.37,0.0
2,1,51,40,0.00,0.0
2,2,68,37,0.00,0.0
2,3,74,47,0.00,0.0
2,4,65,50,0.00,0.0
2,5,70,49,0.00,0.0
2,6,73,45,0.02,0.0
2,7,52,42,0.00,0.0
2,8,72,44,0.00,0.0
2,9,47,37,0.06,0.0
2,10,52,32,0.03,0.0
2,11,44,38,1.67,0.0
2,12,57,40,0.49,0.0
2,13,47,26,0.03,0.0
2,14,48,24,0.00,0.0
2,15,68,43,2.90,0.0
2,16,59,30,0.70,0.0
2,17,41,26,0.00,0.0
2,18,39,26,0.06,0.9
2,19,28,19,0.08,1.3
2,20,24,14,0.01,0.0
2,21,36,12,0.00,0.0
2,22,44,19,0.00,0.0
2,23,53,22,0.00,0.0
2,24,65,26,0.00,0.0
2,25,75,40,0.00,0.0
2,26,80,38,0.00,0.0
2,27,67,49,0.00,0.0
2,28,71,34,0.00,0.0
3,1,63,32,0.00,0.0
3,2,47,27,0.00,0.0
3,3,65,27,0.00,0.0
3,4,74,47,0.48,0.0
3,5,58,36,0.03,0.0
3,6,53,36,0.00,0.0
3,7,64,37,0.00,0.0
3,8,64,46,0.00,0.0
3,9,66,41,0.00,0.0
3,10,70,36,0.00,0.0
3,11,79,38,0.00,0.0
3,12,79,52,0.00,0.0
3,13,80,55,0.00,0.0
3,14,80,56,0.00,0.0
3,15,71,58,3.75,0.0
3,16,63,40,0.00,0.0
3,17,60,34,0.00,0.0
3,18,77,39,0.00,0.0
3,19,74,54,0.18,0.0
3,20,54,33,0.00,0.0
3,21,62,28,0.00,0.0
3,22,69,47,0.00,0.0
3,23,76,40,0.35,0.0
3,24,69,46,0.00,0.0
3,25,73,50,0.00,0.0
3,26,68,48,0.00,0.0
3,27,79,48,0.00,0.0
3,28,81,64,0.00,0.0
3,29,76,64,0.00,0.0
3,30,74,62,0.47,0.0
3,31,66,45,0.14,0.0
4,1,68,45,0.00,0.0
4,2,85,60,0.00,0.0
4,3,80,59,3.86,0.0
4,4,87,58,0.00,0.0
4,5,83,59,2.12,0.0
4,6,63,47,0.34,0.0
4,7,60,44,0.00,0.0
4,8,54,38,0.00,0.0
4,9,69,33,0.00,0.0
4,10,78,50,0.00,0.0
4,11,62,46,0.11,0.0
4,12,62,38,0.00,0.0
4,13,75,38,0.00,0.0
4,14,87,59,0.02,0.0
4,15,68,45,0.00,0.0
4,16,72,40,0.00,0.0
4,17,79,47,0.00,0.0
4,18,85,62,0.00,0.0
4,19,83,67,0.00,0.0
4,20,86,62,0.00,0.0
4,21,73,60,0.62,0.0
4,22,78,57,0.00,0.0
4,23,83,59,0.38,0.0
4,24,77,63,0.82,0.0
4,25,74,63,0.16,0.0
4,26,78,57,0.00,0.0
4,27,73,53,0.00,0.0
4,28,87,53,0.00,0.0
4,29,86,69,0.00,0.0
4,30,87,67,0.00,0.0
5,1,81,64,0.08,0.0
5,2,80,63,0.32,0.0
5,3,65,53,0.99,0.0
5,4,61,49,0.00,0.0
5,5,62,49,0.04,0.0
5,6,75,49,0.00,0.0
5,7,67,59,0.06,0.0
5,8,80,61,0.36,0.0
5,9,75,57,0.00,0.0
5,10,73,54,0.00,0.0
5,11,81,61,0.16,0.0
5,12,80,62,0.59,0.0
5,13,79,59,0.00,0.0
5,14,85,60,0.00,0.0
5,15,87,70,0.00,0.0
5,16,85,66,0.59,0.0
5,17,87,64,0.63,0.0
5,18,83,64,0.00,0.0
5,19,85,68,0.82,0.0
5,20,83,66,1.62,0.0
5,21,80,62,0.00,0.0
5,22,79,60,0.00,0.0
5,23,74,55,0.00,0.0
5,24,71,58,0.00,0.0
5,25,79,59,1.26,0.0
5,26,70,61,0.54,0.0
5,27,74,64,0.43,0.0
5,28,81,66,0.00,0.0
5,29,82,65,0.02,0.0
5,30,77,63,0.02,0.0
5,31,83,62,0.00,0.0
6,1,84,62,0.00,0.0
6,2,89,65,0.00,0.0
6,3,90,67,0.00,0.0
6,4,88,67,0.00,0.0
6,5,88,69,0.00,0.0
6,6,89,71,0.10,0.0
6,7,84,71,0.01,0.0
6,8,84,67,0.00,0.0
6,9,84,64,0.84,0.0
6,10,86,61,0.00,0.0
6,11,88,62,0.00,0.0
6,12,90,68,0.00,0.0
6,13,87,70,0.88,0.0
6,14,84,70,0.60,0.0
6,15,90,70,0.03,0.0
6,16,89,72,0.05,0.0
6,17,84,71,0.98,0.0
6,18,90,74,0.00,0.0
6,19,85,69,0.21,0.0
6,20,91,69,0.00,0.0
6,21,97,70,0.00,0.0
6,22,93,75,0.00,0.0
6,23,97,73,0.23,0.0
6,24,96,75,0.00,0.0
6,25,98,77,0.00,0.0
6,26,94,77,0.00,0.0
6,27,94,72,0.48,0.0
6,28,87,71,0.84,0.0
6,29,91,71,0.00,0.0
6,30,91,73,0.00,0.0
7,1,88,72,0.62,0.0
7,2,92,69,0.00,0.0
7,3,92,70,0.00,0.0
7,4,95,70,0.00,0.0
7,5,95,73,0.00,0.0
7,6,95,74,0.00,0.0
7,7,92,73,0.84,0.0
7,8,94,71,0.03,0.0
7,9,90,72,0.00,0.0
7,10,91,71,0.04,0.0
7,11,94,73,0.00,0.0
7,12,93,74,0.15,0.0
7,13,92,74,0.23,0.0
7,14,94,72,0.00,0.0
7,15,95,74,0.00,0.0
7,16,94,76,0.15,0.0
7,17,95,76,0.00,0.0
7,18,95,74,0.65,0.0
7,19,90,73,0.38,0.0
7,20,95,76,0.00,0.0
7,21,96,74,0.12,0.0
7,22,93,75,0.48,0.0
7,23,96,76,0.00,0.0
7,24,94,77,0.00,0.0
7,25,94,76,0.00,0.0
7,26,94,78,0.00,0.0
7,27,96,76,0.00,0.0
7,28,98,78,0.00,0.0
7,29,96,76,0.03,0.0
7,30,98,78,0.00,0.0
7,31,97,77,0.00,0.0
8,1,83,75,0.00,0.0
8,2,85,68,0.00,0.0
8,3,81,71,0.01,0.0
8,4,83,69,0.00,0.0
8,5,90,67,0.00,0.0
8,6,93,71,0.00,0.0
8,7,92,72,0.00,0.0
8,8,93,70,0.00,0.0
8,9,93,73,0.00,0.0
8,10,93,72,0.00,0.0
8,11,96,72,0.00,0.0
8,12,90,77,0.04,0.0
8,13,90,73,2.27,0.0
8,14,94,72,0.00,0.0
8,15,97,75,0.00,0.0
8,16,98,73,0.00,0.0
8,17,98,75,0.00,0.0
8,18,98,76,0.00,0.0
8,19,101,76,0.00,0.0
8,20,96,73,0.00,0.0
8,21,88,70,0.00,0.0
8,22,93,69,0.00,0.0
8,23,92,73,0.04,0.0
8,24,90,68,0.00,0.0
8,25,84,59,0.00,0.0
8,26,82,57,0.00,0.0
8,27,83,55,0.00,0.0
8,28,84,59,0.00,0.0
8,29,90,57,0.00,0.0
8,30,90,64,0.00,0.0
8,31,88,62,0.00,0.0
9,1,92,61,0.00,0.0
9,2,84,66,0.00,0.0
9,3,90,66,0.91,0.0
9,4,88,65,0.00,0.0
9,5,93,68,0.20,0.0
9,6,69,57,0.67,0.0
9,7,82,53,0.00,0.0
9,8,82,51,0.00,0.0
9,9,85,55,0.00,0.0
9,10,88,60,0.00,0.0
9,11,91,66,0.03,0.0
9,12,90,63,0.00,0.0
9,13,92,60,0.00,0.0
9,14,92,66,0.01,0.0
9,15,93,68,0.00,0.0
9,16,93,68,0.10,0.0
9,17,92,67,0.00,0.0
9,18,92,64,0.00,0.0
9,19,93,63,0.00,0.0
9,20,94,63,0.00,0.0
9,21,91,67,0.08,0.0
9,22,85,69,0.07,0.0
9,23,83,67,1.38,0.0
9,24,80,71,0.21,0.0
9,25,83,69,0.02,0.0
9,26,84,64,0.00,0.0
9,27,87,62,0.00,0.0
9,28,88,59,0.00,0.0
9,29,89,61,0.00,0.0
9,30,88,63,0.00,0.0
10,1,88,64,0.00,0.0
10,2,88,64,0.00,0.0
10,3,84,62,0.00,0.0
10,4,83,59,0.00,0.0
10,5,86,60,0.00,0.0
10,6,79,69,0.11,0.0
10,7,79,69,0.68,0.0
10,8,76,58,0.00,0.0
10,9,75,54,0.00,0.0
10,10,78,53,0.00,0.0
10,11,80,52,0.00,0.0
10,12,79,52,0.00,0.0
10,13,80,51,0.00,0.0
10,14,81,54,0.00,0.0
10,15,83,53,0.00,0.0
10,16,81,61,0.00,0.0
10,17,82,54,0.00,0.0
10,18,86,62,0.14,0.0
10,19,68,47,0.95,0.0
10,20,72,42,0.00,0.0
10,21,74,54,0.00,0.0
10,22,69,44,0.00,0.0
10,23,70,42,0.00,0.0
10,24,64,39,0.00,0.0
10,25,72,44,0.00,0.0
10,26,63,54,0.40,0.0
10,27,58,54,0.20,0.0
10,28,63,55,0.09,0.0
10,29,57,50,1.08,0.0
10,30,60,46,0.01,0.0
10,31,63,39,0.00,0.0
11,1,60,40,0.19,0.0
11,2,50,37,0.17,0.0
11,3,62,34,0.00,0.0
11,4,71,38,0.00,0.0
11,5,76,46,0.00,0.0
11,6,71,48,0.00,0.0
11,7,74,51,0.43,0.0
11,8,75,53,0.00,0.0
11,9,61,33,0.00,0.0
11,10,36,29,0.00,0.0
11,11,51,24,0.00,0.0
11,12,69,39,0.00,0.0
11,13,67,37,0.00,0.0
11,14,76,40,0.00,0.0
11,15,77,55,0.00,0.0
11,16,69,43,0.00,0.0
11,17,63,34,0.00,0.0
11,18,75,51,0.00,0.0
11,19,76,56,0.00,0.0
11,20,60,56,0.61,0.0
11,21,71,60,0.10,0.0
11,22,68,54,0.02,0.0
11,23,67,47,0.00,0.0
11,24,70,45,0.08,0.0
11,25,70,57,0.31,0.0
11,26,61,42,0.00,0.0
11,27,50,32,0.00,0.0
11,28,46,26,0.00,0.0
11,29,55,29,0.03,0.0
11,30,48,29,0.01,0.0
12,1,44,26,0.40,0.0
12,2,38,28,0.34,0.0
12,3,39,28,0.00,0.0
12,4,40,31,0.31,0.0
12,5,36,34,0.00,0.0
12,6,43,32,0.00,0.0
12,7,46,29,0.01,0.0
12,8,42,29,0.01,0.0
12,9,51,26,0.00,0.0
12,10,56,37,0.00,0.0
12,11,44,27,0.00,0.0
12,12,58,36,0.00,0.0
12,13,54,31,0.00,0.0
12,14,32,14,0.00,0.0
12,15,41,12,0.00,0.0
12,16,53,27,0.00,0.0
12,17,61,41,0.00,0.0
12,18,61,42,1.56,0.0
12,19,49,31,0.00,0.0
12,20,63,27,0.00,0.0
12,21,60,39,0.00,0.0
12,22,62,31,0.00,0.0
12,23,70,59,0.00,0.0
12,24,76,62,0.00,0.0
12,25,71,63,0.00,0.0
12,26,68,64,0.00,0.0
12,27,72,58,0.00,0.0
12,28,75,53,0.14,0.0
12,29,53,28,0.00,0.0
12,30,39,25,0.00,0.0
12,31,51,24,0.00,0.0
